{"cameraMode":{"drawMode":3,"name":"Shadow Cascades","section":"Miscellaneous"},"sceneLighting":true,"audioPlay":false,"sceneViewState":{"showFog":true,"showMaterialUpdate":false,"showSkybox":true,"showFlares":true,"showImageEffects":true,"showParticleSystems":true},"in2DMode":false,"pivot":{"x":27.865386962890626,"y":-8.640591621398926,"z":92.61219024658203},"rotation":{"x":-0.03868436440825462,"y":-0.01857767626643181,"z":0.0007172126206569374,"w":-0.9990798830986023},"size":51.627010345458987,"orthographic":true}