{"cameraMode":{"drawMode":3,"name":"Shadow Cascades","section":"Miscellaneous"},"sceneLighting":true,"audioPlay":false,"sceneViewState":{"showFog":true,"showMaterialUpdate":false,"showSkybox":false,"showFlares":true,"showImageEffects":true,"showParticleSystems":true},"in2DMode":false,"pivot":{"x":35.39923095703125,"y":1.1979665756225587,"z":-1.1894168853759766},"rotation":{"x":-0.049154967069625857,"y":0.03236253187060356,"z":-0.0015956483548507095,"w":-0.9982670545578003},"size":11.137681007385254,"orthographic":true}